,model_type,tmp0,spatial_component_id,temporal_component_id,spatial_component_name,temporal_component_name,tmp1,test_mae,test_mae_lag_01,test_mae_lag_02,test_mae_lag_03,test_mape,additive,concatenative,positional_encoding,attention,model_name,spatiotemporal_id,model_id,number_of_parameters,training_time_seconds
1,CR-1,nnnnn,C,R,graph convolutional network,recurrent neural network,nnn,20.818,19.104,23.529,26.449,0.509,False,False,False,False,STGNNDefault,CR,1,4209668.0,1742.3
2,CR-2,nnnnn,C,R,graph convolutional network,recurrent neural network,nnn,20.97,19.27,23.66,27.284,0.469,True,False,True,False,STGNNPosencAdd,CR,2,4349700.0,1819.1
3,CR-3,nnnnn,C,R,graph convolutional network,recurrent neural network,nnn,20.579,18.885,23.381,27.239,0.444,False,True,True,False,STGNNPosencConcat,CR,3,4612612.0,1856.8
4,CR-4,nnnnn,C,R,graph convolutional network,recurrent neural network,nnn,22.029,20.656,23.613,26.073,0.547,True,False,True,True,STGNNAttentionAdd,CR,4,8548100.0,3202.4
5,CR-5,nnnnn,C,R,graph convolutional network,recurrent neural network,nnn,32.198,31.392,32.92,34.518,0.859,False,True,True,True,STGNNAttentionConcat,CR,5,8811012.0,3237.4
6,CL-1,nnnnn,C,L,graph convolutional network,long short-term memory network,nnn,23.603,21.942,26.93,30.625,0.493,False,False,False,False,STGNNDefault,CL,1,15232003.0,3763.4
7,CL-2,nnnnn,C,L,graph convolutional network,long short-term memory network,nnn,24.423,22.769,27.069,30.471,0.539,True,False,True,False,STGNNPosencAdd,CL,2,15372035.0,3825.0
8,CL-3,nnnnn,C,L,graph convolutional network,long short-term memory network,nnn,23.716,21.96,26.562,30.327,0.532,False,True,True,False,STGNNPosencConcat,CL,3,15634947.0,3871.0
9,CL-4,nnnnn,C,L,graph convolutional network,long short-term memory network,nnn,21.306,19.826,23.752,26.866,0.478,True,False,True,True,STGNNAttentionAdd,CL,4,19570436.0,5280.3
10,CL-5,nnnnn,C,L,graph convolutional network,long short-term memory network,nnn,20.788,18.918,23.434,26.961,0.46,False,True,True,True,STGNNAttentionConcat,CL,5,19833348.0,5308.6
11,CG-1,nnnnn,C,G,graph convolutional network,gated recurrent unit network,nnn,23.43,21.65,26.697,30.528,0.51,False,False,False,False,STGNNDefault,CG,1,11557892.0,3184.6
12,CG-2,nnnnn,C,G,graph convolutional network,gated recurrent unit network,nnn,22.666,21.133,25.2,28.593,0.507,True,False,True,False,STGNNPosencAdd,CG,2,11697924.0,3276.1
13,CG-3,nnnnn,C,G,graph convolutional network,gated recurrent unit network,nnn,22.96,21.223,25.795,29.474,0.509,False,True,True,False,STGNNPosencConcat,CG,3,11960836.0,3321.8
14,CG-4,nnnnn,C,G,graph convolutional network,gated recurrent unit network,nnn,20.382,18.706,22.797,25.902,0.462,True,False,True,True,STGNNAttentionAdd,CG,4,15896323.0,4740.5
15,CG-5,nnnnn,C,G,graph convolutional network,gated recurrent unit network,nnn,20.172,18.459,22.57,25.869,0.442,False,True,True,True,STGNNAttentionConcat,CG,5,16159235.0,4786.3
16,DR-1,nnnnn,D,R,diffusion convolutional network,recurrent neural network,nnn,20.086,18.334,22.538,26.188,0.457,False,False,False,False,STGNNDefault,DR,1,6066180.0,4495.5
17,DR-2,nnnnn,D,R,diffusion convolutional network,recurrent neural network,nnn,20.316,18.498,22.452,26.06,0.425,True,False,True,False,STGNNPosencAdd,DR,2,6661380.0,5495.4
18,DR-3,nnnnn,D,R,diffusion convolutional network,recurrent neural network,nnn,20.888,18.919,23.701,27.104,0.45,False,True,True,False,STGNNPosencConcat,DR,3,7845380.0,7440.8
19,DR-4,nnnnn,D,R,diffusion convolutional network,recurrent neural network,nnn,23.59,22.292,24.84,27.209,0.583,True,False,True,True,STGNNAttentionAdd,DR,4,10859780.0,6899.6
20,DR-5,nnnnn,D,R,diffusion convolutional network,recurrent neural network,nnn,31.524,30.668,32.434,34.041,0.77,False,True,True,True,STGNNAttentionConcat,DR,5,12043780.0,8767.6
21,DL-1,nnnnn,D,L,diffusion convolutional network,long short-term memory network,nnn,23.189,21.709,26.226,29.755,0.496,False,False,False,False,STGNNDefault,DL,1,17088516.0,6544.8
22,DL-2,nnnnn,D,L,diffusion convolutional network,long short-term memory network,nnn,22.952,21.25,25.766,29.513,0.493,True,False,True,False,STGNNPosencAdd,DL,2,17683716.0,7504.9
23,DL-3,nnnnn,D,L,diffusion convolutional network,long short-term memory network,nnn,21.474,19.462,24.565,28.508,0.485,False,True,True,False,STGNNPosencConcat,DL,3,18867716.0,9388.6
24,DL-4,nnnnn,D,L,diffusion convolutional network,long short-term memory network,nnn,20.312,18.409,23.022,26.728,0.442,True,False,True,True,STGNNAttentionAdd,DL,4,21882116.0,8974.0
25,DL-5,nnnnn,D,L,diffusion convolutional network,long short-term memory network,nnn,19.0,17.316,21.055,24.291,0.42,False,True,True,True,STGNNAttentionConcat,DL,5,23066116.0,10900.7
26,DG-1,nnnnn,D,G,diffusion convolutional network,gated recurrent unit network,nnn,23.703,22.187,27.031,30.356,0.517,False,False,False,False,STGNNDefault,DG,1,13414404.0,6005.2
27,DG-2,nnnnn,D,G,diffusion convolutional network,gated recurrent unit network,nnn,22.448,20.803,25.145,28.724,0.507,True,False,True,False,STGNNPosencAdd,DG,2,14009603.0,7115.9
28,DG-3,nnnnn,D,G,diffusion convolutional network,gated recurrent unit network,nnn,22.393,20.443,25.422,29.357,0.502,False,True,True,False,STGNNPosencConcat,DG,3,15193603.0,8889.1
29,DG-4,nnnnn,D,G,diffusion convolutional network,gated recurrent unit network,nnn,19.482,17.684,21.833,25.272,0.434,True,False,True,True,STGNNAttentionAdd,DG,4,18208004.0,8376.7
30,DG-5,nnnnn,D,G,diffusion convolutional network,gated recurrent unit network,nnn,21.081,19.114,23.368,26.904,0.472,False,True,True,True,STGNNAttentionConcat,DG,5,19392004.0,10241.6
31,AR-1,nnnnn,A,R,attention convolutional network,recurrent neural network,nnn,22.232,20.443,24.573,27.546,0.451,False,False,False,False,STGNNDefault,AR,1,3946500.0,2180.8
32,AR-2,nnnnn,A,R,attention convolutional network,recurrent neural network,nnn,22.954,21.343,25.34,28.714,0.486,True,False,True,False,STGNNPosencAdd,AR,2,4021508.0,2233.0
33,AR-3,nnnnn,A,R,attention convolutional network,recurrent neural network,nnn,21.85,20.179,24.016,27.67,0.458,False,True,True,False,STGNNPosencConcat,AR,3,4152836.0,2235.1
34,AR-4,nnnnn,A,R,attention convolutional network,recurrent neural network,nnn,24.186,22.822,25.287,27.954,0.627,True,False,True,True,STGNNAttentionAdd,AR,4,8219908.0,3602.7
35,AR-5,nnnnn,A,R,attention convolutional network,recurrent neural network,nnn,21.531,20.138,22.926,25.738,0.515,False,True,True,True,STGNNAttentionConcat,AR,5,8351236.0,3620.1
36,AL-1,nnnnn,A,L,attention convolutional network,long short-term memory network,nnn,25.922,24.539,27.798,30.527,0.57,False,False,False,False,STGNNDefault,AL,1,14968835.0,4161.6
37,AL-2,nnnnn,A,L,attention convolutional network,long short-term memory network,nnn,25.499,24.159,27.203,29.992,0.568,True,False,True,False,STGNNPosencAdd,AL,2,15043843.0,4201.0
38,AL-3,nnnnn,A,L,attention convolutional network,long short-term memory network,nnn,23.608,21.649,26.251,30.214,0.503,False,True,True,False,STGNNPosencConcat,AL,3,15175171.0,4194.7
39,AL-4,nnnnn,A,L,attention convolutional network,long short-term memory network,nnn,22.718,20.996,24.627,27.847,0.511,True,False,True,True,STGNNAttentionAdd,AL,4,19242244.0,5666.4
40,AL-5,nnnnn,A,L,attention convolutional network,long short-term memory network,nnn,21.552,19.464,23.65,27.47,0.492,False,True,True,True,STGNNAttentionConcat,AL,5,19373572.0,5655.5
41,AG-1,nnnnn,A,G,attention convolutional network,gated recurrent unit network,nnn,24.613,23.198,26.408,29.352,0.57,False,False,False,False,STGNNDefault,AG,1,11294724.0,3606.1
42,AG-2,nnnnn,A,G,attention convolutional network,gated recurrent unit network,nnn,24.411,22.985,26.226,29.246,0.553,True,False,True,False,STGNNPosencAdd,AG,2,11369732.0,3656.8
43,AG-3,nnnnn,A,G,attention convolutional network,gated recurrent unit network,nnn,23.536,21.9,25.669,28.986,0.51,False,True,True,False,STGNNPosencConcat,AG,3,11501060.0,3664.4
44,AG-4,nnnnn,A,G,attention convolutional network,gated recurrent unit network,nnn,22.358,20.766,24.225,27.226,0.482,True,False,True,True,STGNNAttentionAdd,AG,4,15568131.0,5098.2
45,AG-5,nnnnn,A,G,attention convolutional network,gated recurrent unit network,nnn,21.781,20.002,23.865,27.09,0.48,False,True,True,True,STGNNAttentionConcat,AG,5,15699459.0,5019.8
